"Outcome","Status","Name","URL","Note","FolderOverride","DeleteFlag"
"AUTH","401","Account | Computers | RealVNC Connect","https://manage.realvnc.com/en/teams/7sXOUfNiBZ5JAk5PhE7/computers","HTTP 401 (auth-gated, likely alive)","",""
"AUTH","403","ChatGPT","https://chatgpt.com/?model=auto","HTTP 403 (auth-gated, likely alive)","",""
"AUTH","403","ChatGPT","https://chatgpt.com/","HTTP 403 (auth-gated, likely alive)","",""
"AUTH","403","Cloudflare","https://dash.cloudflare.com/argotunnel?aud=&callback=https%3A%2F%2Flogin.cloudflareaccess.org%2FERDZHM8Tu3kd1z39fiJq94LlUDY_setiK05hIIIOfXk%3D&rzsSearchName=Orion","HTTP 403 (auth-gated, likely alive)","",""
"AUTH","403","Cloudflare | Web Performance & Security","https://dash.cloudflare.com/login?redirect_uri=https%3A%2F%2Fone.dash.cloudflare.com%2Fb55ab25623beecdef61a29b87bcafc9c%2Fnetworks%2Ftunnels%2Fadd&state=4e7c6ec1-592a-40b6-8df9-b0fbf38160b5|https://one.dash.cloudflare.com/b55ab25623beecdef61a29b87bcafc9c/networks/tunnels/add","HTTP 403 (auth-gated, likely alive)","",""
"AUTH","403","Configure InterVLAN Routing on Layer 3 Switches - Cisco","https://www.cisco.com/c/en/us/support/docs/lan-switching/inter-vlan-routing/41860-howto-L3-intervlanrouting.html#:~:text=VLANs%20divide%20broadcast%20domains%20in,virtual%20interfaces%20(SVIs)%20).","HTTP 403 (auth-gated, likely alive)","",""
"AUTH","403","Configure IPv4 Static Routes Settings on a Switch through the CLI - Cisco","https://www.cisco.com/c/en/us/support/docs/smb/switches/cisco-small-business-300-series-managed-switches/smb5724-configure-ipv4-static-routes-settings-on-a-switch-through-th.html","HTTP 403 (auth-gated, likely alive)","",""
"AUTH","403","Determining Network and Broadcast Address Using IP Address and Subnet Mask | Baeldung on Computer Science","https://www.baeldung.com/cs/ip-address-subnet-mask","HTTP 403 (auth-gated, likely alive)","",""
"AUTH","403","How to connect to an SMB share from your Android device | TechRepublic","https://www.techrepublic.com/article/how-to-connect-to-an-smb-share-from-your-android-device/","HTTP 403 (auth-gated, likely alive)","",""
"AUTH","403","How to Disable, Enable, and Manage Microsoft Defender Using PowerShell? â€“ TheITBros","https://theitbros.com/managing-windows-defender-using-powershell/","HTTP 403 (auth-gated, likely alive)","",""
"AUTH","403","Make an After Effects Transparent Background","https://blog.motionisland.com/how-to-render-a-transparent-background-in-after-effects/","HTTP 403 (auth-gated, likely alive)","",""
"AUTH","403","orionisumbra.com | orionisumbra.com | Andrewmail.box.ajj@googlemail.com's Account | Cloudflare","https://dash.cloudflare.com/b55ab25623beecdef61a29b87bcafc9c/orionisumbra.com","HTTP 403 (auth-gated, likely alive)","",""
"AUTH","403","Support for OptiPlex 5490 All-In-One | Overview | Dell UK","https://www.dell.com/support/home/en-uk/product-support/servicetag/0-OUJyZzBNY2hPN3NYRkRXRjFYT041QT090/overview","HTTP 403 (auth-gated, likely alive)","",""
"AUTH","403","What Is My IP Address - See Your Public Address - IPv4 & IPv6","https://whatismyipaddress.com/","HTTP 403 (auth-gated, likely alive)","",""
"AUTH","403","What is the difference between a broadcast address and a network ID? - Quora","https://www.quora.com/What-is-the-difference-between-a-broadcast-address-and-a-network-ID","HTTP 403 (auth-gated, likely alive)","",""
"DEAD","404","[ Solved ] Windows 10 Wake On LAN Problem After Shutdown - Microsoft Community","https://answers.microsoft.com/en-us/windows/forum/all/solved-windows-10-wake-on-lan-problem-after/89ea895f-592f-4a29-be05-ac5f3badcd3c","HTTP 404","",""
"DEAD","404","0xrsydn/cover-letter-gen: Cover letter generation made easy with a user-friendly Gradio interface.","https://github.com/0xrsydn/cover-letter-gen?tab=readme-ov-file","HTTP 404","",""
"DEAD","404","Andrew's Notebook - Microsoft OneNote Online","https://onedrive.live.com/edit.aspx?resid=393AC9065CDCBAD2!s7754dc5ab07d43ac9e7cbbddbcac5409&migratedtospo=true&wd=target%28Quick%20Notes.one%7C207b4906-8714-7546-9f80-c11877832da5%2FMasAIO%203.0%7C4d363057-48f1-fd48-8191-daa61e4c02b4%2F%29&wdorigin=NavigationUrl","HTTP 404","",""
"DEAD","404","Library Genesis","https://libgen.fun/search.php?req=Ccna","HTTP 404","",""
"DEAD","417","Mail - Andrew Jones - Outlook","https://outlook.office.com/mail/","HTTP 417","",""
"DEAD","404","Microsoft account | Devices","https://account.microsoft.com/devices?fref=home.drawers.devices.manage-devices","HTTP 404","",""
"DEAD","404","My files - OneDrive","https://onedrive.live.com/?id=root&cid=393AC9065CDCBAD2","HTTP 404","",""
"DEAD","404","Plain Text Tables generator â€“ TablesGenerator.com","https://www.tablesgenerator.com/text_tables#","HTTP 404","",""
"OK","200","!fits - Dark Muninn Â· Streamlit","https://caldarijoans.streamlit.app/Dark_Muninn","HTTP 200","",""
"OK","200","(1) Free CCNA | Intro to the CLI | Day 4 | CCNA 200-301 Complete Course - YouTube","https://www.youtube.com/watch?v=IYbtai7Nu2g&list=PLxbwE86jKRgMpuZuLBivzlM8s2Dk5lXBQ&index=8","HTTP 200","",""
"OK","200","(7) Azure Active Directory: Secure Identity and Access Management: Creating an Azure AD Trial Tenant - YouTube","https://www.youtube.com/watch?v=yF5b563CbZE&list=PL5oyXP-xEiGCqYGIHZ-njGaf6pxDikdVv","HTTP 200","",""
"OK","200","045 â€“ HOW TO PXE BOOT GRUB4DOS OR WINPE (FROM A WINDOWS 7 PC) USING TFTPD - RMPrepUSB","https://rmprepusb.com/tutorials/045-how-to-pxe-boot-grub4dos-or-winpe-from-a-windows-7-pc-using-tftpd/","HTTP 200","",""
"OK","200","1.4 Install using the .zip portable version | Buru SFTP Server documentation","https://www.rebex.net/doc/buru-sftp-server/getting-started/01-portable/","HTTP 200","",""
"OK","200","11 Free Tools To Disable And Stop Windows From Spying And Tracking You","https://www.geckoandfly.com/25083/free-tools-disable-stop-windows-spying-tracking-you/","HTTP 200","",""
"OK","200","2 independent users on one PC via Parsec : r/ParsecGaming","https://www.reddit.com/r/ParsecGaming/comments/s7lm52/2_independent_users_on_one_pc_via_parsec/","HTTP 200","",""
"OK","200","2.5: Logical Fallacies - How to Spot Them and Avoid Making Them - Humanities LibreTexts","https://human.libretexts.org/Courses/City_College_of_San_Francisco/Writing_Reading_and_College_Success:_A_First-Year_Composition_Course_for_All_Learners_(Kashyap_and_Dyquisto)/02:_Writing_and_the_Art_of_Rhetoric/2.05:_Logical_Fallacies_-_How_to_Spot_Them_and_Avoid_Making_Them","HTTP 200","",""
"OK","200","3 commands to reboot Linux (plus 4 more ways to do it safely) | Opensource.com","https://opensource.com/article/19/7/reboot-linux","HTTP 200","",""
"OK","200","A simple python script to generate random names. Â· GitHub","https://gist.github.com/noxan/5845351","HTTP 200","",""
"OK","200","A Visual Weapon Identification Guide - Eve Online - Google Slides","https://docs.google.com/presentation/d/1d2axN23pAF2m_mAws9d4h6tmttFXUgyw2OGpjTaBIc4/edit?pli=1&slide=id.p7#slide=id.p7","HTTP 200","",""
"OK","200","A Visual Weapon Identification Guide - Eve Online - Google Slides","https://docs.google.com/presentation/d/1d2axN23pAF2m_mAws9d4h6tmttFXUgyw2OGpjTaBIc4/edit?pli=1#slide=id.p10","HTTP 200","",""
"OK","200","A Visual Weapon Identification Guide - Eve Online - Google Slides","https://docs.google.com/presentation/d/1d2axN23pAF2m_mAws9d4h6tmttFXUgyw2OGpjTaBIc4/edit?pli=1#slide=id.p7","HTTP 200","",""
"OK","200","Activate your ConnectWise account login - andrewmailbox.ajj@googlemail.com - Gmail","https://mail.google.com/mail/u/0/#inbox/WhctKLbFdGXxzLHbWQRjktzpKShGvdVjXMWCdkmJXhlZjqbCJCZQSfNvTmcHPVzSGZVwJLB","HTTP 200","",""
"OK","200","admin.microsoft.com/?login_hint=andrew%40ajolnet.com&source=applauncher#/homepage","https://admin.microsoft.com/?login_hint=andrew%40ajolnet.com&source=applauncher#/homepage","HTTP 200","",""
"OK","200","After Effects Tutorial: Particles Logo & Text Animation | Simple Way - YouTube","https://www.youtube.com/watch?v=em91RAQCW1M","HTTP 200","",""
"OK","200","All About Routers: Types of Routers, Routing Table and IP Routing","https://www.softwaretestinghelp.com/types-of-routers-routing-table/","HTTP 200","",""
"OK","200","All admin centers - Microsoft 365 admin center","https://admin.cloud.microsoft/?login_hint=andrew%40ajolnet.com&source=applauncher#/alladmincenters","HTTP 200","",""
"OK","200","Andrew Hulshult - Goroth (DOOM Eternal Gamerip - From 'Quake Champions') - YouTube","https://www.youtube.com/watch?v=jvTOVmdMnyA","HTTP 200","",""
"OK","200","Andrew Hulshult - Goroth (Quake Champions Original Soundtrack) - YouTube","https://m.youtube.com/watch?v=fj21GFbEQog&pp=QAFIAQ%3D%3D","HTTP 200","",""
"OK","200","Andrew J IT Labs - Microsoft Intune admin center","https://intune.microsoft.com/?ref=AdminCenter#home","HTTP 200","",""
"OK","200","Apps | Microsoft 365 Copilot","https://m365.cloud.microsoft/apps?auth=2&home=1","HTTP 200","",""
"OK","200","Atmospheric Particles with â€œCC Particle Systems IIâ€ - Animating Photos with After Effects - In the Loop | In the Loop","https://blog.gallereplay.com/atmospheric-particles-with-cc-particle-systems-ii-animating-photos-with-after-effects/","HTTP 200","",""
"OK","200","Audio Visualizer in After Effects - After Effects Tutorial (No Plugins) - YouTube","https://www.youtube.com/watch?v=Jj26FbNHlsw","HTTP 200","",""
"OK","200","Baphomet - YouTube","https://m.youtube.com/watch?v=Xzuts3wJnRY&list=PL-9P4Hyc78Tm7GmqL-W3SKhYoW7ZKF-Pt&index=1&pp=iAQB8AUB","HTTP 200","",""
"OK","200","Beckenham to Watford - Google Maps","https://www.google.co.uk/maps/dir/Beckenham/Watford/@51.5395383,-0.3426556,11z/data=!4m13!4m12!1m5!1m1!1s0x4876002c98ae8579:0x69e9592192db09e5!2m2!1d-0.025813!2d51.40817!1m5!1m1!1s0x487614c908fcc35b:0x5d521bb3eb9734f1!2m2!1d-0.3970199!2d51.6611283?entry=ttu&g_ep=EgoyMDI0MDkwMi4xIKXMDSoASAFQAw%3D%3D","HTTP 200","",""
"OK","200","Best OBS Settings for AMD Encoder Performance","https://hyper-casual.games/blog/obs-settings-for-amd-encoders","HTTP 200","",""
"OK","200","Bitwise operations for IPv4 calculations - DEV Community","https://dev.to/dinifarb/bitwise-operations-for-ipv4-calculations-5cle","HTTP 200","",""
"OK","200","Block Allocation of IP address Create subnets from block of IP address - YouTube","https://m.youtube.com/watch?v=kHb2aeRfyzw","HTTP 200","",""
"OK","200","Bookmark All","https://chromewebstore.google.com/detail/bookmark-all/hgkgfbldbflndlpnnhbdallenfmiejnb?hl=en-GB&utm_source=ext_sidebar","HTTP 200","",""
"OK","200","Boot Windows 10 and WinPE from PXE (IPXE) Â· GitHub","https://gist.github.com/rikka0w0/987d3e03c6f133802318669e85836870","HTTP 200","",""
"OK","200","Britain's Got Talent 2023 WINNER Viggo Venn - All Performances! - YouTube","https://m.youtube.com/watch?v=Gd53BJGox5s","HTTP 200","",""
"OK","200","Broadcast address | What is a broadcast IP and how does it work? - IONOS","https://www.ionos.co.uk/digitalguide/server/know-how/broadcast-address/","HTTP 200","",""
"OK","200","Broadcasts in computer networks - Homenet Howto","https://www.homenethowto.com/switching/broadcasts/","HTTP 200","",""
"OK","200","Browser Extension Getting Started | Bitwarden","https://bitwarden.com/browser-start/","HTTP 200","",""
"OK","200","Building a Virtual Security Home Lab: Part 1 - Network Topology | Source Code","https://blog.davidvarghese.net/posts/building-home-lab-part-1/","HTTP 200","",""
"OK","200","Building a Virtual Security Home Lab: Part 1 - Network Topology | Source Code","https://blog.davidvarghese.dev/posts/building-home-lab-part-1/","HTTP 200","",""
"OK","200","Building a Virtual Security Home Lab: Part 9 - Tsurugi Linux (DFIR) Setup | Source Code","https://blog.davidvarghese.net/posts/building-home-lab-part-9/","HTTP 200","",""
"OK","200","Bulk File Renaming Tool Project in Python - YouTube","https://www.youtube.com/watch?v=p7VDLy0_o1A","HTTP 200","",""
"OK","200","Burner mission guide","https://docs.google.com/document/u/0/d/1SAv6bnGM-5etLoPHxVtCsbsz8Q8feN5CFSEgUZclPLI/pub?pli=1","HTTP 200","",""
"OK","405","Cable Matters [VESA Certified] 80Gbps DisplayPort 2.1 Cable 2m, DP80 Cable with 16K 60Hz, 8K 240Hz, 4K 240Hz in Black with FreeSync, G-SYNC and HDR for Gaming Monitor, PC, RTX 4080/4090, RX 7900 : Amazon.co.uk: Musical Instruments & DJ","https://www.amazon.co.uk/Cable-Matters-Certified-DisplayPort-FreeSync/dp/B0DK5WYV8X?crid=1HJ7GUPLI9K22&dib=eyJ2IjoiMSJ9.rS-pVbfMyd3crN3anl3pHIbwaUZI9ydIGqRRrT37Mse9KPM6FUzIFJL7iD7S8OJBaNOdfiQg6CNqnIImePSgvz64OR0sXlNbYrYQmKyq10oh3VoaNcRYZpk3muzp-fvS3b6cocBm0yCLLT0SwOngdNB6MJzvpN0hVYv9PfHK5SvvJh70APAdhBYuqHXv-c82kMo95qWNaA-LqqGX4EKeAU0oOInVV1KUawirg9wfFFk.hJRtNtCJPXqIJ9914EICFvRDxKGOR5Fgef532CSy2XQ&dib_tag=se&keywords=cable%2Bmatters%2Bdisplay%2Bport&qid=1756143946&sprefix=cable%2Bmatters%2Bdisplay%2Bport%2B%2Caps%2C75&sr=8-4&th=1","HTTP 405 (HEAD not allowed, site alive)","",""
"OK","405","Cable Matters 48Gbps Ultra HD 8K Right Angle HDMI Cable 2m (270 Degree HDMI Cable): Amazon.co.uk: Electronics & Photo","https://www.amazon.co.uk/Cable-Matters-48Gbps-Ultra-Degree/dp/B094JYT41X?crid=1II91VFSY9IBV&dib=eyJ2IjoiMSJ9.fuA4daq5yl-8D3jlBSlXObF-V3pL9PiI_ZlnEcX8FeFKzZQ6eV7z0fAChgsHicsvMDI1ntQH7EzxLLJewdjnH-fubG__hXmVFPFfMKG7V2d2AWwYyWK4Pg385xNg4hV1Pw4BgT6Ils_oOjdSlPj0ip6_3tmtZjR06WmdarfE03w1yYltliZY7c2hV9I6AdTnQ2Lpy8UVtqpC0JYpIMthV3PG0_n1OOMY5Ddb_whSsFln7u4iIwNbAyGXkua73hxhcVSiXkTsbBFw9ewYScZ85ZnlJEoOIe-X1m1v_E1L5A8.rG6huIP4QL44lhTy1Wr0Vc8Hfg6eFn3qO-jt51iztiQ&dib_tag=se&keywords=cable%2Bmatters%2Bhdmi%2B3.0&m=A2HI77ZYQGGRR3&qid=1756144237&refinements=p_6%3AA2HI77ZYQGGRR3&rnid=419151031&s=electronics&sprefix=cable%2Bmatters%2Bhdmi%2B3.%2Caps%2C82&sr=1-7&th=1","HTTP 405 (HEAD not allowed, site alive)","",""
"OK","200","Carl Jung On ""Evil"" - Quotations - Carl Jung Depth Psychology","https://carljungdepthpsychologysite.blog/2020/05/03/carl-jung-on-evil-quotations/","HTTP 200","",""
"OK","200","Change CISCO Switch Passwords?","https://community.spiceworks.com/topic/33127-change-cisco-switch-passwords","HTTP 200","",""
"OK","200","ChapterÂ 6.Â Working With Captured Packets","https://www.wireshark.org/docs/wsug_html_chunked/ChapterWork.html","HTTP 200","",""
"OK","200","Chat Blackbox: AI Code Generation, Code Chat, Code Search - Blackbox","https://www.blackbox.ai/","HTTP 200","",""
"OK","200","chatgpt - Search","https://www.bing.com/search?q=chatgpt%20&form=ANSPH1","HTTP 200","",""
"OK","200","Check if a Windows service exists and delete in PowerShell - Stack Overflow","https://stackoverflow.com/questions/4967496/check-if-a-windows-service-exists-and-delete-in-powershell","HTTP 200","",""
"OK","200","Cisco 3560 Configuration - Cisco Layer 3 Switch VLAN Routing | Configuring Cisco","https://deltaconfig.com/configure-cisco-3560-switch/","HTTP 200","",""
"OK","200","Cisco CLI Error: Inconsistent address and mask - Connected Dots Online","https://www.connecteddots.online/resources/cisco-reference/inconsistent-address-and-mask","HTTP 200","",""
"OK","200","Cisco Tech Talk: CBS Firmware Update via CLI and TFTP - YouTube","https://www.youtube.com/watch?v=1q0dzHYE62c","HTTP 200","",""
"OK","200","Cloudflare Tunnel Setup Guide - Self-Hosting for EVERYONE - YouTube","https://m.youtube.com/watch?v=hrwoKO7LMzk","HTTP 200","",""
"OK","200","CompTIA A+ Certification Practice Test 2 (Exam 220-1101 / Core 1)","https://www.examcompass.com/comptia-a-plus-certification-practice-test-2-exam-220-1101","HTTP 200","",""
"OK","200","CompTIA A+ Certification Practice Test Questions","https://www.examcompass.com/comptia/a-plus-certification/free-a-plus-practice-tests","HTTP 200","",""
"OK","200","CompTIA Network+ Cheat Sheet (Updated for Latest Exam)","https://www.stationx.net/comptia-network-cheat-sheet/","HTTP 200","",""
"OK","200","Configure Port to VLAN Interface Settings on a Switch through the CLI - Cisco","https://www.cisco.com/c/en/us/support/docs/smb/switches/cisco-small-business-300-series-managed-switches/smb5653-configure-port-to-vlan-interface-settings-on-a-switch-throug.html","HTTP 200","",""
"OK","200","Configuring Cisco Discovery Protocol on Cisco Routers and Switches Running Cisco IOS - Cisco","https://www.cisco.com/c/en/us/support/docs/network-management/discovery-protocol-cdp/43485-cdponios43485.html","HTTP 200","",""
"OK","405","CORSAIR K55 RGB PRO Membrane Wired Gaming Keyboard â€“ IP42 Dust and Spill-Resistant â€“ 6 Macro Keys with Elgato Integration â€“ iCUE Compatible â€“ QWERTY UK â€“ PC, Mac, Xbox â€“ Black : Amazon.co.uk: Computers & Accessories","https://www.amazon.co.uk/Corsair-Wired-Membrane-Gaming-Keyboard/dp/B08XJQG1T7?crid=2A6KAMZN4VOZQ&dib=eyJ2IjoiMSJ9.y5emiGMKRNGyOVGt-CANDaSNHUuyYqE5BLx-jNINi5F38gB2BzPcTAg46-zh37wHS9vZh5Fi7s45LVeG2YqHjs4IkRPwgcUXNi2jKGoYugbqiUg0-oDyY16IRkiKGd6iLExxbPFCMC7QxHo3G5Ce84UKuim9cBcgOUj9j5cEQbi07fcSnCvMe5OLNgu-ccPkzr_E0VOsqUEdXxEYKxKjPbaKyMyzvUQYkxC1XX5OxAgh7p5rekMtZgcSZ42TYsGV0Q5B37v3AshD-YtYPPdtJjQxA-k5DdmWJsTPvmJqNII.pKoOQJ1p-kblvZl18-PL1EWEfT4mBlVG8i0Komq09u4&dib_tag=se&keywords=corsair+keyboard&qid=1753117303&s=computers&sprefix=corsair+keyboard%2Ccomputers%2C74&sr=1-5&ufe=app_do%3Aamzn1.fos.7bbc1e72-d5e0-4378-81de-b15e5f172cd1","HTTP 405 (HEAD not allowed, site alive)","",""
"OK","200","CRAZY Text Disintegration Effect FULL TUTORIAL - Trapcode After Effects Tutorial - YouTube","https://www.youtube.com/watch?v=pwzvOJCaqrU","HTTP 200","",""
"OK","200","Create a locally-managed tunnel (CLI) Â· Cloudflare Zero Trust docs","https://developers.cloudflare.com/cloudflare-one/connections/connect-networks/get-started/create-local-tunnel/","HTTP 200","",""
"OK","200","Create and run your first project | PyCharm Documentation","https://www.jetbrains.com/help/pycharm/creating-and-running-your-first-python-project.html#creating-simple-project","HTTP 200","",""
"OK","200","Create UI using Tkinter in Python","https://www.tutorialsteacher.com/python/create-gui-using-tkinter-python","HTTP 200","",""
"OK","200","Create Virtual Machine Returns ""Not Found"" Error : r/HyperV","https://www.reddit.com/r/HyperV/comments/9thubc/create_virtual_machine_returns_not_found_error/?rdt=65455","HTTP 200","",""
"OK","200","Creating a template in Dreamweaver | Using Dreamweaver","http://www.using-dreamweaver.com/building-a-website-using-dreamweaver/creating-a-template-in-dreamweaver.html","HTTP 200","",""
"OK","200","Creating and using SSH keys - YouTube","https://www.youtube.com/watch?v=DDjSjC4SAYM","HTTP 200","",""
"OK","200","Daron Acemoglu - Why Nations Fail Audiobook - AudioBooks","https://appaudiobooks.com/daron-acemoglu-why-nations-fail-audiobook/","HTTP 200","",""
"OK","405","DeepSeek - Into the Unknown","https://chat.deepseek.com/","HTTP 405 (HEAD not allowed, site alive)","",""
"OK","200","Departure to Destruction - YouTube","https://m.youtube.com/watch?v=TWnzazIvXI8&list=RDEMy7QrMnv4vwQbW6LMFAQmzg&index=11&pp=8AUB","HTTP 200","",""
"OK","200","Deploy graphics devices by using Discrete Device Assignment | Microsoft Learn","https://learn.microsoft.com/en-us/windows-server/virtualization/hyper-v/deploy/deploying-graphics-devices-using-dda","HTTP 200","",""
"OK","200","Deprovision Devices - Remove Device Management | ManageEngine Mobile Device Manager Plus","https://www.manageengine.com/mobile-device-management/help/enrollment/mdm_device_deprovision.html","HTTP 200","",""
"OK","200","Differences Between TCP and UDP","https://www.spiceworks.com/tech/networking/articles/tcp-vs-udp/","HTTP 200","",""
"OK","200","Documentation - Ablebits.com","https://www.ablebits.com/docs/","HTTP 200","",""
"OK","200","Does F7 not work in Powershell 7 to show command history? - Super User","https://superuser.com/questions/1716464/does-f7-not-work-in-powershell-7-to-show-command-history","HTTP 200","",""
"OK","200","Download firmware updates for your Samsung mobile phone and tablet - SamMobile","https://www.sammobile.com/firmwares/","HTTP 200","",""
"OK","200","Download Time Calculator","https://www.omnicalculator.com/other/download-time","HTTP 200","",""
"OK","200","Downloads Â· Cloudflare Zero Trust docs","https://developers.cloudflare.com/cloudflare-one/connections/connect-networks/downloads/","HTTP 200","",""
"OK","200","Drivers & Software laptops and netbooks :: thinkpad x series laptops :: thinkpad x9 14 gen 1 type 21qa 21qb :: 21qa :: 21qa001wuk :: pf5gbhgq - Lenovo Support GB |","https://pcsupport.lenovo.com/gb/en/products/laptops-and-netbooks/thinkpad-x-series-laptops/thinkpad-x9-14-gen-1-type-21qa-21qb/21qa/21qa001wuk/pf5gbhgq/downloads/driver-list/component?name=BIOS%2FUEFI&id=5AC6A815-321D-440E-8833-B07A93E0428C","HTTP 200","",""
"OK","200","DX: IW John P's texture pack compatibility (solution provided), page 1 - Forum - GOG.com","https://www.gog.com/forum/deus_ex_series/dx_iw_john_ps_texture_pack_compatibility_solution_provided/page1","HTTP 200","",""
"OK","200","Easy Ways to Enable a Port on a Cisco Switch: 8 Steps","https://www.wikihow.com/Enable-a-Port-on-a-Cisco-Switch","HTTP 200","",""
"OK","200","EdgeKeePass - Microsoft Edge Addons","https://microsoftedge.microsoft.com/addons/detail/edgekeepass/jnhjknbfnclancjpknceboifoegiompf?hl=en-GB","HTTP 200","",""
"OK","200","Endpoint security - Microsoft Intune admin center","https://intune.microsoft.com/#view/Microsoft_Intune_Workflows/SecurityManagementMenu/~/accountprotection","HTTP 200","",""
"OK","200","entra.microsoft.com/auth/login/#","https://entra.microsoft.com/auth/login/","HTTP 200","",""
"OK","200","Establishing SSH Key Login on Windows 11: A Step-by-Step Process - Geek Rewind","https://geekrewind.com/how-to-set-up-ssh-key-login-with-windows-11/","HTTP 200","",""
"OK","200","Ethos, Pathos & Logos: Definition and Examples of Persuasive Advertising Techniques (2023)","https://www.studiobinder.com/blog/ethos-pathos-logos/","HTTP 200","",""
"OK","200","EVE - Check before you jump!","https://eve-gatecheck.space/eve/","HTTP 200","",""
"OK","200","EVE_NT Ship Editor","https://eve-nt.uk/designer/","HTTP 200","",""
"OK","200","Everything you wanted to know about Blitzing","https://docs.google.com/document/d/1knVqZEH8qFY0eT44nMEFwcKd3t4PbgcZeuv58SVUxsI/pub","HTTP 200","",""
"OK","200","Excel conditional formatting formulas based on another cell","https://www.ablebits.com/office-addins-blog/excel-conditional-formatting-formulas/","HTTP 200","",""
"OK","200","Excel: Extract number from text string","https://www.ablebits.com/office-addins-blog/excel-extract-number-from-string/","HTTP 200","",""
"OK","200","Expressing one number as a % of another number - Percentages - AQA - GCSE Maths Revision - AQA - BBC Bitesize","https://www.bbc.co.uk/bitesize/guides/z9sgdxs/revision/3","HTTP 200","",""
"OK","200","Flashed Sapphire Pulse Vega 56 to Vega 64 (Success) : Amd","https://www.reddit.com/r/Amd/comments/isgz4j/flashed_sapphire_pulse_vega_56_to_vega_64_success/","HTTP 200","",""
"OK","200","Free CCNA | Connecting Devices | Day 2 Lab | CCNA 200-301 Complete Course - YouTube","https://www.youtube.com/watch?v=K6Qt23sY68Y&list=PLxbwE86jKRgMpuZuLBivzlM8s2Dk5lXBQ&index=5","HTTP 200","",""
"OK","200","Free CCNA | Network Devices | Day 1 | CCNA 200-301 Complete Course - YouTube","https://m.youtube.com/watch?v=H8W9oMNSuwo&feature=youtu.be","HTTP 200","",""
"OK","200","futurecoder","https://futurecoder.io/course/#IntroducingTheShell","HTTP 200","",""
"OK","200","futurecoder: learn python from scratch","https://futurecoder.io/","HTTP 200","",""
"OK","200","Get started with OpenSSH for Windows | Microsoft Learn","https://learn.microsoft.com/en-us/windows-server/administration/openssh/openssh_install_firstuse?tabs=powershell#connect-to-openssh-server","HTTP 200","",""
"OK","200","Get started with OpenSSH for Windows | Microsoft Learn","https://learn.microsoft.com/en-us/windows-server/administration/openssh/openssh_install_firstuse?tabs=powershell","HTTP 200","",""
"OK","200","Get-AzEnvironment (Az.Accounts) | Microsoft Learn","https://learn.microsoft.com/en-us/powershell/module/az.accounts/get-azenvironment?view=azps-12.4.0&tryIt=true#code-try-1","HTTP 200","",""
"OK","200","Getting Started with Microsoft PowerShell | Microsoft Learn","https://learn.microsoft.com/en-us/shows/getting-started-with-microsoft-powershell/?l=r54irowy_2304984382","HTTP 200","",""
"OK","200","GitHub - aaalgo/hyperv2hosts","https://github.com/aaalgo/hyperv2hosts","HTTP 200","",""
"OK","200","GitHub - aioont/kex: Kex not working , fix kex , kex error , win kex , win-kex , fix error in kex , no matching vnc server , Kali linux rootless nethunter program and kex client program for managing vnc connection.","https://github.com/aioont/kex","HTTP 200","",""
"OK","200","GitHub - ipxe/wimboot: WIM bootloader","https://github.com/ipxe/wimboot","HTTP 200","",""
"OK","200","GitHub - tobiohlala/Asciify: Convert Images to ASCII Pictures","https://github.com/tobiohlala/Asciify","HTTP 200","",""
"OK","200","Google","https://www.google.com/","HTTP 200","",""
"OK","200","Google Cloud Platform","https://accounts.google.com/v3/signin/identifier?continue=https%3A%2F%2Fconsole.cloud.google.com%2F&followup=https%3A%2F%2Fconsole.cloud.google.com%2F&ifkv=ASKXGp0wA_nqJPUTM3OAGXeaUIbErUB21OdZq2qbrEITiWj-H7NwQj1HM2N9RKyJcjm-vftinA-69A&osid=1&passive=1209600&service=cloudconsole&flowName=GlifWebSignIn&flowEntry=ServiceLogin&dsh=S-838459748%3A1707071746432531&theme=glif","HTTP 200","",""
"OK","200","Google Gemini","https://gemini.google.com/app/196f07e7cf28be1e","HTTP 200","",""
"OK","200","Group Scope in Active Directory","https://blog.netwrix.com/2022/10/19/group-scope-in-active-directory/","HTTP 200","",""
"OK","200","Guide to Subnet Mask (Subnetting) & IP Subnet Calculator","https://www.softwaretestinghelp.com/subnet-mask-and-network-classes/","HTTP 200","",""
"OK","200","Home - Microsoft Azure","https://portal.azure.com/#home","HTTP 200","",""
"OK","200","Home - YouTube","https://m.youtube.com/","HTTP 200","",""
"OK","405","Home | Microsoft 365","https://www.office.com/?auth=2","HTTP 405 (HEAD not allowed, site alive)","",""
"OK","200","How do I find my username and servername for windows SSH server - Super User","https://superuser.com/questions/1661724/how-do-i-find-my-username-and-servername-for-windows-ssh-server","HTTP 200","",""
"OK","200","how do I set password for switch? - Cisco Community","https://community.cisco.com/t5/switching/how-do-i-set-password-for-switch/td-p/916599","HTTP 200","",""
"OK","200","How do I set the Windows network timeout for physically disconnected mapped drive? - Super User","https://superuser.com/questions/453741/how-do-i-set-the-windows-network-timeout-for-physically-disconnected-mapped-driv","HTTP 200","",""
"OK","200","How do I start remote desktop from PowerShell? - Stack Overflow","https://stackoverflow.com/questions/24493213/how-do-i-start-remote-desktop-from-powershell","HTTP 200","",""
"OK","200","How does it work?","https://specsavers.sharepoint.com/sites/customer-experience-UK-Ireland/SitePages/How-does-it-work-.aspx","HTTP 200","",""
"OK","200","How to add VIDEO inside TEXT in ADOBE PREMIERE PRO (as seen in the 1917 trailer) - YouTube","https://www.youtube.com/watch?v=0Glr2P0JX_s","HTTP 200","",""
"OK","200","How to Automate Excel Tasks with Python","https://www.freecodecamp.org/news/automate-excel-tasks-with-python/","HTTP 200","",""
"OK","200","How to change the URL address of a SharePoint site | SharePoint Maven","https://sharepointmaven.com/how-to-change-the-url-address-of-a-sharepoint-site/","HTTP 200","",""
"OK","200","How to Check a Power Supply: PSU Tester, Paperclip, & More","https://www.wikihow.com/Check-a-Power-Supply","HTTP 200","",""
"OK","200","How to Check your Samsung Phone Model or CSC Region Code?","https://www.cocosenor.com/articles/android/how-to-check-your-samsung-phone-model-or-csc-region-code.html","HTTP 200","",""
"OK","200","How To Configure InterVLAN Routing On Layer 3 Switches - Cisco Community","https://community.cisco.com/t5/networking-videos/how-to-configure-intervlan-routing-on-layer-3-switches/ba-p/3103792","HTTP 200","",""
"OK","200","How to configure SSH on Cisco IOS","https://networklessons.com/cisco/ccna-200-301/configure-ssh-cisco-ios","HTTP 200","",""
"OK","200","How to copy files from source to destination in PowerShell | TechTarget","https://www.techtarget.com/searchwindowsserver/tip/PowerShell-commands-to-copy-files-Basic-to-advanced-methods","HTTP 200","",""
"OK","200","How to Disable Automatic Driver Updates in Windows","https://driverfinderpro.com/driver-guide/how-to-disable-automatic-driver-updates-in-windows/","HTTP 200","",""
"OK","200","How to downgrade your Samsung Phone to older firmware | Get Network Band Selection | ODIN Tutorial - YouTube","https://www.youtube.com/watch?v=laRuK8QCwJE","HTTP 200","",""
"OK","200","How to Enable a Pre-Boot BitLocker PIN on Windows","https://www.howtogeek.com/262720/how-to-enable-a-pre-boot-bitlocker-pin-on-windows/","HTTP 200","",""
"OK","200","How to Enable and Configure SSH Server on Windows with OpenSSH | Windows OS Hub","https://woshub.com/connect-to-windows-via-ssh/#:~:text=You%20need%20to%20change%20the%20startup%20type%20of,a%20new%20inbound%20rule%20using%20the%20New-NetFirewallRule%20cmdlet%3A","HTTP 200","",""
"OK","200","How to Enable SSH on Cisco Switch, Router and ASA","https://www.thegeekstuff.com/2013/08/enable-ssh-cisco/","HTTP 200","",""
"OK","200","How to Flash the BIOS on an AMD GPU: A Comprehensive Guide - Appuals.com","https://appuals.com/how-to-flash-the-bios-on-an-amd-gpu/","HTTP 200","",""
"OK","200","How to Format a Hard Drive Using the Command Prompt | Tom's Hardware","https://www.tomshardware.com/news/format-hard-drive-command-prompt,37632.html","HTTP 200","",""
"OK","200","How to install ADB on Windows, macOS, and Linux","https://www.xda-developers.com/install-adb-windows-macos-linux/","HTTP 200","",""
"OK","200","How to install and setup iSCSI step by step guide (Windows Server 2022) - YouTube","https://www.youtube.com/watch?v=g0BgLynXeFs","HTTP 200","",""
"OK","200","How to Install Docker on Windows 10 and 11","https://www.makeuseof.com/how-to-install-docker-windows-10-11/","HTTP 200","",""
"OK","200","How to Install PyInstaller â€” PyInstaller 6.5.0 documentation","https://www.pyinstaller.org/en/stable/installation.html","HTTP 200","",""
"OK","200","How to Install RSAT Active Directory in Windows 11? - Technoresult","https://technoresult.com/how-to-install-rsat-active-directory-in-windows-11/","HTTP 200","",""
"OK","200","How to Install Windows 11 on ESXi? | Step By Step. â€“ GetLabsDone","https://getlabsdone.com/how-to-install-windows-11-on-esxi-step-by-step/","HTTP 200","",""
"OK","200","How to prevent a person B to kick of person A remote desktop connection, on Windows? - Super User","https://superuser.com/questions/1481020/how-to-prevent-a-person-b-to-kick-of-person-a-remote-desktop-connection-on-wind","HTTP 200","",""
"OK","200","How to Reset Windows 10 Local Password with Kali Linux Live USB","https://www.top-password.com/knowledge/reset-windows-10-password-with-kali-linux.html","HTTP 200","",""
"OK","200","How to send a Wake-on-LAN magic packet with PowerShell | PDQ","https://www.pdq.com/blog/wake-on-lan-wol-magic-packet-powershell/","HTTP 200","",""
"OK","200","How to set up VPN for Remote Desktop [Step-by-Step Tutorial]","https://www.anyviewer.com/how-to/vpn-for-remote-desktop-0427.html","HTTP 200","",""
"OK","200","How to Setup and Configure TFTP Server using Tftpd64/Tftpd32 on Windows 10 - YouTube","https://www.youtube.com/watch?v=GigPU3ge6pE","HTTP 200","",""
"OK","200","How to setup configure TFTP Server, DHCP Server, PXE TFTPD32 / TFTPD64 in Windows #Part 2 - YouTube","https://www.youtube.com/watch?v=y2jOZ5tCmSU","HTTP 200","",""
"OK","200","How to setup configure TFTP Server, DHCP Server, PXE TFTPD32 / TFTPD64 in Windows #Part 2 - YouTube","https://www.youtube.com/watch?v=y2jOZ5tCmSU&t=246s","HTTP 200","",""
"OK","200","How to switch off and on POE on a device - Cisco Community","https://community.cisco.com/t5/switching/how-to-switch-off-and-on-poe-on-a-device/td-p/4584984","HTTP 200","",""
"OK","200","How to Upscale 1080 Video to 4K and Preserve Detail in Premiere Pro","https://photography.tutsplus.com/tutorials/how-to-upscale-resolution-1080-4k-premiere-pro--cms-36629","HTTP 200","",""
"OK","200","How to use ""Trim Paths"" in After Effects | Tutorial - YouTube","https://www.youtube.com/watch?v=nF2s21NHz5I","HTTP 200","",""
"OK","200","How to Use Microsoft Defender for Endpoint Advanced Hunting With WDAC App Control Â· HotCakeX/Harden-Windows-Security Wiki Â· GitHub","https://github.com/HotCakeX/Harden-Windows-Security/wiki/How-to-Use-Microsoft-Defender-for-Endpoint-Advanced-Hunting-With-WDAC-App-Control/2c3e721be086ed3ca4b04c96add7745fcb048b84","HTTP 200","",""
"OK","200","How to use Trim Paths on Vector Layers from Illustrator - After Effects Tutorial - YouTube","https://www.youtube.com/watch?v=wTGuWpJFWn4","HTTP 200","",""
"OK","200","How to Use Wireshark: Comprehensive Tutorial + Tips","https://www.varonis.com/blog/how-to-use-wireshark","HTTP 200","",""
"OK","200","How To: Terminating a Cat5e Standard Push On Unshielded RJ45 Connector","https://www.truecable.com/blogs/cable-academy/how-to-terminating-a-cat5e-standard-push-on-unshielded-rj45-connector","HTTP 200","",""
"OK","200","HowTo : Enable/Disable Interface on CISCO - Shutdown Command | Answers at Makerere (Knowledge Base)","https://answers.mak.ac.ug/network-connectivity/howto-enabledisable-interface-cisco-shutdown-command","HTTP 200","",""
"OK","200","HTTP/HTTPS Services Configuration Guide, Cisco IOS Release 15SY - Cisco","https://www.cisco.com/c/en/us/td/docs/ios-xml/ios/https/configuration/15-sy/https-15-sy-book.html","HTTP 200","",""
"OK","200","https://weather.com/en-GB/weather/today/l/f7734a6d111fef1b9f4dbbae0229a21b635e6426083c0a78fa7fe9e43af22531?cm_ven=home&par=samsung_widget&temp=c","https://weather.com/en-GB/weather/today/l/f7734a6d111fef1b9f4dbbae0229a21b635e6426083c0a78fa7fe9e43af22531?cm_ven=home&par=samsung_widget&temp=c","HTTP 200","",""
"OK","200","Humanity's Last Breath - Instill - YouTube","https://m.youtube.com/watch?v=K6XCQ2QrMkk","HTTP 200","",""
"OK","200","Ignoring this will WRECK your flexibility - YouTube","https://m.youtube.com/watch?v=VuKQezeo3X4","HTTP 200","",""
"OK","200","III - YouTube","https://m.youtube.com/watch?v=M6V7dbUyfXA&list=OLAK5uy_mThvQNJjqnkSk1lJz8efXKmFru8TkE23w&index=3&pp=8AUB","HTTP 200","",""
"OK","200","Image to ASCII: Free ASCII Art Converter","https://www.asciiart.eu/image-to-ascii","HTTP 200","",""
"OK","200","Important - andrewmailbox.ajj@googlemail.com - Gmail","https://mail.google.com/mail/u/0/#imp","HTTP 200","",""
"OK","200","Inbox (815) - andrewmailbox.ajj@googlemail.com - Gmail","https://mail.google.com/mail/u/0/#inbox","HTTP 200","",""
"OK","200","Increase and decrease an amount by a percentage - Percentages - AQA - GCSE Maths Revision - AQA - BBC Bitesize","https://www.bbc.co.uk/bitesize/guides/z9sgdxs/revision/2","HTTP 200","",""
"OK","200","Inject your code to a Portable Executable file","https://www.ntcore.com/files/inject2exe.htm","HTTP 200","",""
"OK","200","Install Adobe Reader DC with PowerShell - PowerShell - Pulseway","https://forum.pulseway.com/topic/1930-install-adobe-reader-dc-with-powershell/","HTTP 200","",""
"OK","200","Install Docker on Windows (WSL) without Docker Desktop - DEV Community","https://dev.to/bowmanjd/install-docker-on-windows-wsl-without-docker-desktop-34m9","HTTP 200","",""
"OK","200","Install macOS on Windows in VMware Workstation using a Virtual Disk Image - TechLabs","https://techlabs.blog/categories/guides/install-macos-on-windows-in-vmware-workstation-using-a-virtual-disk-image","HTTP 200","",""
"OK","200","Install WSL | Microsoft Learn","https://learn.microsoft.com/en-us/windows/wsl/install","HTTP 200","",""
"OK","200","Installing Docker on Kali Linux | Kali Linux Documentation","https://www.kali.org/docs/containers/installing-docker-on-kali/","HTTP 200","",""
"OK","200","Installing OpenSSH on Windows 10","https://dejulia489.github.io/2017-05-07-InstallingOpenSSHOnWindows10/","HTTP 200","",""
"OK","200","intune.microsoft.com/auth/login/#","https://intune.microsoft.com/auth/login/","HTTP 200","",""
"OK","200","iPXE - open source boot firmware [howto:winpe]","https://ipxe.org/howto/winpe","HTTP 200","",""
"OK","200","IV - YouTube","https://m.youtube.com/watch?v=sCcOr-I8Yb0&list=OLAK5uy_mThvQNJjqnkSk1lJz8efXKmFru8TkE23w&index=4","HTTP 200","",""
"OK","200","Kinetic energy | Definition, Formula, Units, Examples, & Facts | Britannica","https://www.britannica.com/science/kinetic-energy","HTTP 200","",""
"OK","200","Layer 2 vs Layer 3 Switch: Which One Do You Need? | FS Community","https://community.fs.com/article/layer-2-switch-vs-layer-3-switch-which-one-do-you-need.html","HTTP 200","",""
"OK","200","Learn | Customer Champions League April 2023 - Month in Focus","https://www.specsaverspeople.com/learn/#/course/27136381-2f44-48e1-b92b-d2b0e7e9286d","HTTP 200","",""
"OK","200","Learn | Customer Champions League May 2023 - Month in Focus","https://www.specsaverspeople.com/learn/#/course/f58c64c4-b005-4098-91a9-ffff2a9795ac","HTTP 200","",""
"OK","200","Live response command examples - Microsoft Defender for Endpoint | Microsoft Learn","https://learn.microsoft.com/en-us/defender-endpoint/live-response-command-examples","HTTP 200","",""
"OK","200","Local administrator password - Microsoft Intune admin center","https://intune.microsoft.com/?ref=AdminCenter#view/Microsoft_Intune_Devices/DeviceSettingsMenuBlade/~/localAdminPassword/mdmDeviceId/26d7f694-e5b3-49ae-9036-d6ecd03f1429","HTTP 200","",""
"OK","200","Logical Fallacies and the Art of Debate","https://www.csun.edu/~dgw61315/fallacies.html","HTTP 200","",""
"OK","200","Login | Vodafone","https://login.vodafone.co.uk/accounts?ReturnUrl=%2Fconnect%2Fauthorize%2Fcallback%3Fclient_id%3Decare-auth-prod1%26scope%3Dopenid%2520vf-profile%2520vf-account%2520vf-subscription%2520vf-contact%26response_type%3Dcode%26redirect_uri%3Dhttps%253A%252F%252Fmyaccount.vodafone.co.uk%252Fauth%252Flogin%252Fcallback%26state%3D%257B%2522successReturnUrl%2522%253A%2522%252Faccount%252Fsummary%253Ficmp%253Duk~1_consumer~topnav~useractions~1_my_vodafone%2526linkpos%253Dtopnav~1~1%2522,%2522errorReturnUrl%2522%253A%2522https%253A%252F%252Fwww.vodafone.co.uk%252F%2522%257D%26acr_values%3DLOA%253A2.5","HTTP 200","",""
"OK","200","LOR Careers - My Home","https://career.laingorourke.com/jobs/welcome/","HTTP 200","",""
"OK","405","Machines - Tailscale","https://login.tailscale.com/admin/machines","HTTP 405 (HEAD not allowed, site alive)","",""
"OK","200","Mapped network drive may fail to reconnect in Windows 10, version 1809 - Windows Client | Microsoft Learn","https://learn.microsoft.com/en-us/troubleshoot/windows-client/networking/mapped-network-drive-fail-reconnect","HTTP 200","",""
"OK","200","Mass Effect 2 OST - Samara - YouTube","https://m.youtube.com/watch?v=2U9FW0fY0cI&pp=ygUYTWFzcyBlZmZlY3QgdGhlbWUgc2FtYXJh","HTTP 200","",""
"OK","200","Megathread for Intel Core 13th & 14th Gen CPU instability issues : r/intel","https://www.reddit.com/r/intel/comments/1egthzw/megathread_for_intel_core_13th_14th_gen_cpu/","HTTP 200","",""
"OK","200","Message trace - Exchange admin center","https://admin.exchange.microsoft.com/#/messagetrace","HTTP 200","",""
"OK","200","Microsoft Activation Scripts | MAS","https://massgrave.dev/","HTTP 200","",""
"OK","200","microsoft excel - Convert a column into a comma separated list - Super User","https://superuser.com/questions/240858/convert-a-column-into-a-comma-separated-list","HTTP 200","",""
"OK","200","MSI Z790i EDGE WIFI: Load Line Calibration and Vcore regulation - YouTube","https://www.youtube.com/watch?v=C_JMHLZivcU","HTTP 200","",""
"OK","200","Multiplication Tables and Charts upto 1000 - PDF & Printable","https://www.mymathtables.com/multiplication-table-chart/multiplication-table-chart-upto-1000-pdf-printable.html?myOper=mul&tables=1&tables1=20&submit=Generate&sel_opt=","HTTP 200","",""
"OK","200","Multiplication Tips and Tricks","https://www.mathsisfun.com/multiplication-tips-tricks.html","HTTP 200","",""
"OK","200","My Drive - Google Drive","https://drive.google.com/drive/my-drive?hl=en_GB","HTTP 200","",""
"OK","200","Nano Server by Microsoft | Docker Hub","https://hub.docker.com/_/microsoft-windows-nanoserver","HTTP 200","",""
"OK","200","Nethunter kex connection faild or error Â· Issue #168 Â· Hax4us/Nethunter-In-Termux Â· GitHub","https://github.com/Hax4us/Nethunter-In-Termux/issues/168#issuecomment-911707568","HTTP 200","",""
"OK","200","NetHunter Rootless | Kali Linux Documentation","https://www.kali.org/docs/nethunter/nethunter-rootless/","HTTP 200","",""
"OK","200","networking - Use commandline to show disabled network interfaces in windows? (Mobile Broadband and Regular Connections) - Super User","https://superuser.com/questions/619786/use-commandline-to-show-disabled-network-interfaces-in-windows-mobile-broadban","HTTP 200","",""
"OK","200","NoMachine - How to set up key based authentication with NX protocol â€“ Knowledge Base","https://kb.nomachine.com/AR02L00785","HTTP 200","",""
"OK","200","NoMachine - How to set up key based authentication with SSH protocol â€“ Knowledge Base","https://kb.nomachine.com/AR06O00932","HTTP 200","",""
"OK","200","NoMachine - How to use a SSH private key when connecting from NoMachine client â€“ Knowledge Base","https://kb.nomachine.com/AR11O00948","HTTP 200","",""
"OK","200","Official TWRP Recovery on Galaxy Tab S5e and Root it (Root and Install)","https://www.getdroidtips.com/twrp-recovery-galaxy-tab-s5e/","HTTP 200","",""
"OK","200","Oliver Cromwell - The King Killer Documentary - YouTube","https://m.youtube.com/watch?v=BeZZnndtck0&pp=ygUcaHR0cHM6Ly95b3V0dS5iZS9CZVpabm5kdGNrMA%3D%3D","HTTP 200","",""
"OK","200","Partiboi69 - Ketamine Dreams - YouTube","https://m.youtube.com/watch?v=DRfidJNts6U&pp=ygUNS2V0YW1pbmUgd2Fsaw%3D%3D","HTTP 200","",""
"OK","200","PDF to JPG online converter - Convert PDF to JPG for FREE","https://pdf2jpg.net/","HTTP 200","",""
"OK","200","Percentage Calculator","https://www.calculator.net/percent-calculator.html","HTTP 200","",""
"OK","200","Personal Cloud Storage â€“ Microsoft OneDrive","https://www.microsoft.com/en-gb/microsoft-365/onedrive/online-cloud-storage","HTTP 200","",""
"OK","200","pfSense Configuration Guide - Zero to Hero! - YouTube","https://www.youtube.com/watch?v=he3ENpMLMsc","HTTP 200","",""
"OK","200","PowerShell Gallery | Packages matching sophia script Displaying results 1 to 20 of 1654","https://www.powershellgallery.com/packages?q=sophia+script","HTTP 200","",""
"OK","200","PowerShell is fun :)Upload Windows Autopilot hardware hash easily","https://powershellisfun.com/2022/07/09/upload-windows-autopilot-hardware-hash/","HTTP 200","",""
"OK","200","Profile - reed.co.uk","https://www.reed.co.uk/candidate-profile","HTTP 200","",""
"OK","200","PSA: You can set UAC to require your pin in your administrator account : r/windows","https://www.reddit.com/r/windows/comments/eqmlb8/psa_you_can_set_uac_to_require_your_pin_in_your/?rdt=43203","HTTP 200","",""
"OK","200","PXE Server on Existing Network (DHCP Proxy) with Ubuntu | manski's blog","https://manski.net/2016/09/pxe-server-on-existing-network-dhcp-proxy-on-ubuntu/","HTTP 200","",""
"OK","200","Python Machine Learning","https://www.w3schools.com/python/python_ml_getting_started.asp","HTTP 200","",""
"OK","200","Quick Bayes Theorem Calculator","https://www.socscistatistics.com/bayes/default.aspx","HTTP 200","",""
"OK","200","Quick Start Â· ScoopInstaller/Scoop Wiki Â· GitHub","https://github.com/ScoopInstaller/Scoop/wiki/Quick-Start","HTTP 200","",""
"OK","200","Random postcode generator","https://www.doogal.co.uk/PostcodeGenerator","HTTP 200","",""
"OK","200","Rclone downloads","https://rclone.org/downloads/","HTTP 200","",""
"OK","200","RDP Â· Cloudflare Zero Trust docs","https://developers.cloudflare.com/cloudflare-one/connections/connect-networks/use-cases/rdp/","HTTP 200","",""
"OK","200","Release 02.02.2024 Â· farag2/Sophia-Script-for-Windows Â· GitHub","https://github.com/farag2/Sophia-Script-for-Windows/releases/tag/6.6.0","HTTP 200","",""
"OK","200","Releases Â· AnalogJ/hatchet","https://github.com/AnalogJ/hatchet?tab=readme-ov-file","HTTP 200","",""
"OK","200","RMPrepUSB - 69 - Boot over the internet with iPXE","https://sites.google.com/rmprepusb.com/www/tutorials/ipxe","HTTP 200","",""
"OK","200","RMPrepUSB - 76 - Quickly setup PXE booting to install any Windows OS or PXE boot linux, etc. with SERVA!","https://sites.google.com/rmprepusb.com/www/tutorials/serva","HTTP 200","",""
"OK","200","Royalty Free Dark Ambient Background Music Downloads | FStudios","https://www.fesliyanstudios.com/royalty-free-music/downloads-c/dark-ambient-music/76","HTTP 200","",""
"OK","200","RunAsDate - Run a program with the specified date/time","https://www.nirsoft.net/utils/run_as_date.html","HTTP 200","",""
"OK","200","Setup PXE Boot Server(Network Boot Server) on Windows 10-Network Boot Windows 10-PXE Boot Windows 10 - YouTube","https://m.youtube.com/watch?si=No9ThxMO5UUwECKO&v=XFgeX0NofMw&feature=youtu.be","HTTP 200","",""
"OK","200","Single Mode vs Multimode Fiber: Whatâ€™s the difference?","https://patchbox.com/blog/single-mode-vs-multimode-fiber-difference/","HTTP 200","",""
"OK","405","SK hynix Platinum P41 1TB PCIe NVMe Gen4 M.2 2280 PS5 Internal SSD | Up to 7,000MB/S | Gaming Drive with 176-Layer NAND Flash : Amazon.co.uk: Computers & Accessories","https://www.amazon.co.uk/SK-Platinum-Internal-Compact-Factor/dp/B09QX6SL2Y?ie=UTF8&th=1","HTTP 405 (HEAD not allowed, site alive)","",""
"OK","200","Solve PC problems over a remote connection - Microsoft Support","https://support.microsoft.com/en-gb/windows/solve-pc-problems-over-a-remote-connection-b077e31a-16f4-2529-1a47-21f6a9040bf3","HTTP 200","",""
"OK","200","Special Symbols â€“ The Physics Hypertextbook","https://physics.info/symbols/","HTTP 200","",""
"OK","200","SSH on Windows Â· ScoopInstaller/Scoop Wiki Â· GitHub","https://github.com/ScoopInstaller/Scoop/wiki/SSH-on-Windows","HTTP 200","",""
"OK","200","Stepwise Guide: Chrome Remote Desktop Setup via SSH","https://www.anyviewer.com/how-to/chrome-remote-desktop-setup-via-ssh-0007.html","HTTP 200","",""
"OK","200","steviecoaster/PSSysadminToolkit: A collection of Powershell scripts to make life as a sysadmin just a tiny bit more bearable","https://github.com/steviecoaster/PSSysadminToolkit","HTTP 200","",""
"OK","200","store.nomachine.com","https://store.nomachine.com/product/nomachine-enterprise-desktop-subscription/","HTTP 200","",""
"OK","200","STP Port and Path Costs Explained","https://www.computernetworkingnotes.com/ccna-study-guide/stp-port-and-path-costs-explained.html","HTTP 200","",""
"OK","200","Support for installing Drivers Â· Issue #684 Â· microsoft/winget-cli Â· GitHub","https://github.com/microsoft/winget-cli/issues/684","HTTP 200","",""
"OK","200","Switch command ip default-gateway - Cisco Community","https://community.cisco.com/t5/switching/switch-command-ip-default-gateway/td-p/2671737","HTTP 200","",""
"OK","200","Switch ports roles - Cisco Community","https://community.cisco.com/t5/routing/switch-ports-roles/td-p/876391","HTTP 200","",""
"OK","200","Switchblade Symphony ""Serpentine Gallery"" (FULL ALBUM STREAM) [Official] - YouTube","https://www.youtube.com/watch?v=Bxn6E-_TNA8","HTTP 200","",""
"OK","200","Sysinternals - Sysinternals | Microsoft Learn","https://learn.microsoft.com/en-us/sysinternals/","HTTP 200","",""
"OK","200","Sysinternals Suite - Sysinternals | Microsoft Learn","https://learn.microsoft.com/en-us/sysinternals/downloads/sysinternals-suite","HTTP 200","",""
"OK","200","Terence Mckenna | People are Asleep | No One is in Control - YouTube","https://m.youtube.com/watch?v=EOlRS_bOy4c","HTTP 200","",""
"OK","200","The 1996 Disaster Â· STORM OVER EVEREST Â· PBS Documentary - YouTube","https://m.youtube.com/watch?v=So3vH9FY2H4","HTTP 200","",""
"OK","200","The combination of propylene glycol and vegetable glycerin e-cigarette aerosols induces airway inflammation and mucus hyperconcentration | Scientific Reports","https://www.nature.com/articles/s41598-024-52317-8","HTTP 200","",""
"OK","200","The Number One Rule for Writing Great PowerShell Scripts - Scripting Blog [archived]","https://devblogs.microsoft.com/scripting/the-number-one-rule-for-writing-great-powershell-scripts/","HTTP 200","",""
"OK","200","The PowerShell Gallery - PowerShell | Microsoft Learn","https://learn.microsoft.com/en-us/powershell/scripting/gallery/overview?view=powershell-7.4","HTTP 200","",""
"OK","200","The Ruins Of Beverast - The Thule Grimoires (full album) - YouTube","https://m.youtube.com/watch?v=Nd2EOKgxV_M","HTTP 200","",""
"OK","200","The Secret to Easy Particle Effects in Premiere Pro - YouTube","https://www.youtube.com/watch?v=29NcBIpuB-c","HTTP 200","",""
"OK","200","The SSH Commands Cheat Sheet Youâ€™ll Regret Missing Out On","https://www.stationx.net/ssh-commands-cheat-sheet/","HTTP 200","",""
"OK","200","The Ultimate Guide to Subnetting - ITPRC","https://www.itprc.com/subnetting/","HTTP 200","",""
"OK","200","They got away with this?? - YouTube","https://m.youtube.com/watch?v=KGQSTDm5ois&feature=youtu.be","HTTP 200","",""
"OK","200","THIS Is How You Get Fast Smooth Selections In Photoshop! Best Tools Explained - YouTube","https://www.youtube.com/watch?v=Ddfq_wzDVqA","HTTP 200","",""
"OK","200","Time to Seconds Calculator - Inch Calculator","https://www.inchcalculator.com/time-to-seconds-calculator/","HTTP 200","",""
"OK","200","Trunk port configuration (Cisco) - Grandmetric","https://www.grandmetric.com/knowledge-base/design_and_configure/trunk-port-configuration/","HTTP 200","",""
"OK","200","Two Gamers, One GPU from your Windows PC! Hyper-V Paravirtualization Build and Tutorial - YouTube","https://www.youtube.com/watch?v=XLLcc29EZ_8&ab_channel=CraftComputing","HTTP 200","",""
"OK","200","Uninstall security agents","https://www.bitdefender.com/business/support/en/77211-87953-uninstalling-security-agents.html","HTTP 200","",""
"OK","200","Upgrade Access Routers Software - Cisco","https://www.cisco.com/c/en/us/support/docs/routers/3800-series-integrated-services-routers/49044-sw-upgrade-proc-ram.html","HTTP 200","",""
"OK","200","Upgrade Firmware on a Switch through the Command Line Interface (CLI) - Cisco","https://www.cisco.com/c/en/us/support/docs/smb/switches/cisco-550x-series-stackable-managed-switches/smb5566-upgrade-firmware-on-a-switch-through-the-command-line-interf.html","HTTP 200","",""
"OK","200","User Profile | Apply4U","https://www.apply4u.co.uk/users/andrew-jones-lab-tech-in-london-2893012","HTTP 200","",""
"OK","200","Using EFI instead of BIOS in VM = slow ... why? - VMware Technology Network VMTN","https://communities.vmware.com/t5/VMware-Workstation-Pro/Using-EFI-instead-of-BIOS-in-VM-slow-why/td-p/2758077","HTTP 200","",""
"OK","200","Using the Command-Line Interface - Cisco","https://www.cisco.com/c/en/us/td/docs/switches/lan/catalyst3850/software/release/3se/consolidated_guide/b_consolidated_3850_3se_cg_chapter_01.html","HTTP 200","",""
"OK","200","VBA Cheat Sheet + PDF | Zero To Mastery","https://zerotomastery.io/cheatsheets/vba-cheat-sheet/","HTTP 200","",""
"OK","200","Ventoy Forums","https://forums.ventoy.net/","HTTP 200","",""
"OK","200","Virtual machines - Microsoft Azure","https://portal.azure.com/#view/HubsExtension/BrowseResource/resourceType/Microsoft.Compute%2FVirtualMachines","HTTP 200","",""
"OK","200","vmwareauthorisation service - Search","https://www.bing.com/search?q=vmwareauthorisation+service&form=ANNNB1&refig=E8F90BC15D714ABC8B72258FBF49B2E5&pc=U531&ucpdpc=UCPD","HTTP 200","",""
"OK","200","Wake-on-LAN Packet sniffer","https://apreltech.com/Blog/Wake_on_lan_Sniffer","HTTP 200","",""
"OK","200","WaqasZafar9/VPN-For-Remote-Access: Virtual Private Network Using Cisco Packet Tracer","https://github.com/WaqasZafar9/VPN-For-Remote-Access","HTTP 200","",""
"OK","200","Welcome â€“ My First Project â€“ Google Cloud console","https://console.cloud.google.com/welcome?project=proven-catcher-301612","HTTP 200","",""
"OK","200","Welcome to Metric-time.com","https://metric-time.com/","HTTP 200","",""
"OK","200","What is IPv6, and why is adoption taking so long? | Network World","https://www.networkworld.com/article/965192/what-is-ipv6-and-why-aren-t-we-there-yet.html","HTTP 200","",""
"OK","200","What is the block size in subnetting?","https://www.psychz.net/client/question/en/what-is-the-block-size-in-subnetting.html","HTTP 200","",""
"OK","200","What Is Wireshark and How to Use It","https://www.comptia.org/content/articles/what-is-wireshark-and-how-to-use-it","HTTP 200","",""
"OK","200","While playing games, my screen will randomly go black for 2-3 seconds and then come back. : r/computers","https://www.reddit.com/r/computers/comments/w7n95t/while_playing_games_my_screen_will_randomly_go/","HTTP 200","",""
"OK","200","windows - active directory structure and replication for dummies - Server Fault","https://serverfault.com/questions/637113/active-directory-structure-and-replication-for-dummies","HTTP 200","",""
"OK","200","windows - OpenVPN to Access Remote Desktop - Super User","https://superuser.com/questions/1252421/openvpn-to-access-remote-desktop","HTTP 200","",""
"OK","200","Windows 11 Run Commands List","https://allthings.how/windows-11-run-commands-list/","HTTP 200","",""
"OK","200","winpe - Etherboot/gPXE Wiki","http://etherboot.org/wiki/winpe","HTTP 200","",""
"OK","200","Winutil Documentation","https://winutil.christitus.com/","HTTP 200","",""
"OK","200","Write-Output (Microsoft.PowerShell.Utility) - PowerShell | Microsoft Learn","https://learn.microsoft.com/en-us/powershell/module/microsoft.powershell.utility/write-output?view=powershell-7.3","HTTP 200","",""
"OK","200","You searched for hud - MATESFX","https://freevideoeffect.com/?s=hud","HTTP 200","",""
"OK","200","Your Life Meaningless? Choose Nothingness! (ENGLISH from 02:01) - YouTube","https://m.youtube.com/watch?v=XCo5XWKkjw4&pp=ygUhU2FtIHZha25pbSB0aGUgZnV0dXJlIG9mIGh1bWFuaXR5","HTTP 200","",""
"TIMEOUT",,"Default gateway command","https://learningnetwork.cisco.com/s/question/0D53i00000Kt35KCAR/default-gateway-command","Timed out after 8s","",""
"TIMEOUT",,"Markee Dragon Game Codes - Eve Online","https://store.markeedragon.com/?cat=4","Timed out after 8s","",""
